"sha256","count","bytes","kind","paths"
"98D65BE477E31D76E5CD8F786F816EA71E59270483C10A74CFFDB2BCFEB85CC0","2","347785","pdf","MAGNE.AI/assets/pdfs/fcc/2BVCPGC603606_Antenna Report II.pdf | MAGNE.AI/assets/pdfs/fcc/2BVCPGC603606_Antenna Report.pdf"
"009C9508B3CFB19127508CFF2321E8F4AF4C0C76280420943CAB831CEC0EB0CB","2","823200","pdf","MAGNE.AI/assets/pdfs/fcc/2BVCPGC603606_TestRpt_CXX_v1.pdf | MAGNE.AI/assets/pdfs/fcc/2BVCPGC603606_TestRpt_JBP_v1.pdf"
"2211C2032F0951181FD6CF117E41746A6119BBFD6454CEA4E53B3A9B7E5D8DA0","2","3173299","pdf","MAGNE.AI/assets/pdfs/un38/S45C-0i26020917430_0006.pdf | MAGNE.AI/assets/pdfs/un38/S45C-Air-Transport.pdf"
"1EA75C4217D0880FE103824BA8489DE56AE460E39A77FB9FADF181029866E03D","2","3093737","pdf","MAGNE.AI/assets/pdfs/un38/S45C-0i26020917430_0007.pdf | MAGNE.AI/assets/pdfs/un38/S45C-Sea-Transport.pdf"
"B329ECD578F998D305172FA7556B1942960CBDF3A9445EB2582DEBD510A637EA","4","3230","brand","MAGNE.AI/assets/brand/ecosystem/1zeni.png | MAGNE.AI/assets/brand/ecosystem/ecosystem/1zeni.png | MAGNE.AI/assets/brand/partners/1zeni.png | MAGNE.AI/assets/brand/partners/ecosystem/1zeni.png"
"ECB90015E7820E7391901D98881BAC20A388B973BFDF0EFAC17CC251A2CA080A","4","31569","brand","MAGNE.AI/assets/brand/ecosystem/21dao.png | MAGNE.AI/assets/brand/ecosystem/ecosystem/21dao.png | MAGNE.AI/assets/brand/partners/21dao.png | MAGNE.AI/assets/brand/partners/ecosystem/21dao.png"
"9D76DA597E770E34D7E23475A6E7E9B648D07DB91C8BB1A4E0886F75F5BAA696","4","6471","brand","MAGNE.AI/assets/brand/ecosystem/agentbay.png | MAGNE.AI/assets/brand/ecosystem/ecosystem/agentbay.png | MAGNE.AI/assets/brand/partners/agentbay.png | MAGNE.AI/assets/brand/partners/ecosystem/agentbay.png"
"B06CEB8128668A62E8467DE9E3A87A6A48C97C50305F797CFDC7846E8B3016AB","2","4383","brand","MAGNE.AI/assets/brand/ecosystem/agentbay_web.png | MAGNE.AI/assets/brand/partners/ecosystem/agentbay_web.png"
"F26E16C5F1ADBAE8BE5C2816BB120F606422A1B2CD03340CFFFC82995285DA23","6","1865","brand","MAGNE.AI/assets/brand/ecosystem/aios-ventures.png | MAGNE.AI/assets/brand/ecosystem/aios.png | MAGNE.AI/assets/brand/ecosystem/ecosystem/aios-ventures.png | MAGNE.AI/assets/brand/partners/aios-ventures.png | MAGNE.AI/assets/brand/partners/ecosystem/aios-ventures.png | MAGNE.AI/assets/brand/partners/ecosystem/aios.png"
"AED60A35ED8BB8DB516CA98AF595A60E0EF417DBA01D0E3FA6A86F6B779BA57A","3","68548","brand","MAGNE.AI/assets/brand/ecosystem/aios.jpg | MAGNE.AI/assets/brand/ecosystem/ecosystem/aios.jpg | MAGNE.AI/assets/brand/partners/ecosystem/aios.jpg"
"418F0946E470CDF6032D66F516C237AE32FBA0C22061118BFB875CBB0A0D7693","2","4630","brand","MAGNE.AI/assets/brand/ecosystem/aios_web.png | MAGNE.AI/assets/brand/partners/ecosystem/aios_web.png"
"29504E4BB327DCE8558B0496DCBF8D50518AEA00550CE618CE02C7F8EB4F7844","6","6520","brand","MAGNE.AI/assets/brand/ecosystem/ascendex.svg | MAGNE.AI/assets/brand/ecosystem/tag.svg | MAGNE.AI/assets/brand/ecosystem/ecosystem/tag.svg | MAGNE.AI/assets/brand/partners/tag.svg | MAGNE.AI/assets/brand/partners/ecosystem/ascendex.svg | MAGNE.AI/assets/brand/partners/ecosystem/tag.svg"
"E8AF1F0FE0BD955E5661FB0E4F0A65AAE79F11DE22E668ABE6AE5020062560A7","2","264","brand","MAGNE.AI/assets/brand/ecosystem/ascendex_web.png | MAGNE.AI/assets/brand/partners/ecosystem/ascendex_web.png"
"C64C96F68F15160F552095B3A1D34958F16FDFBA5D37AC85D82D9E7CA2B974C0","4","6342","brand","MAGNE.AI/assets/brand/ecosystem/attrace.svg | MAGNE.AI/assets/brand/ecosystem/ecosystem/attrace.svg | MAGNE.AI/assets/brand/partners/attrace.svg | MAGNE.AI/assets/brand/partners/ecosystem/attrace.svg"
"895A62342180295F20CC3FF66924B3A6C879283879FB214D671267E0E193F11C","2","4410","brand","MAGNE.AI/assets/brand/ecosystem/attRace_web.png | MAGNE.AI/assets/brand/partners/ecosystem/attRace_web.png"
"C867D29781CDBBC64A72CA23F99C4BF59305B9708F5EF8311D341E63A56D7CED","4","1413","brand","MAGNE.AI/assets/brand/ecosystem/avedex.png | MAGNE.AI/assets/brand/ecosystem/ecosystem/avedex.png | MAGNE.AI/assets/brand/partners/avedex.png | MAGNE.AI/assets/brand/partners/ecosystem/avedex.png"
"6F5A7B1114B53794BA827F0CE644A77DE72203AADA56908B9BCDF41F6861894B","3","5493","brand","MAGNE.AI/assets/brand/ecosystem/ave_ai.png | MAGNE.AI/assets/brand/partners/aveai2.png | MAGNE.AI/assets/brand/partners/ecosystem/ave_ai.png"
"1EEEB7426D0BCB777339138929B1C1FCC997C960EBA0B6F3FA0D66D19D0C4246","2","4618","brand","MAGNE.AI/assets/brand/ecosystem/ave_ai_web.png | MAGNE.AI/assets/brand/partners/ecosystem/ave_ai_web.png"
"7ABCFA8C98511E98BE63CE305DCF787C680B52DD5115783B4AC18E97CEFDA385","5","2898","brand","MAGNE.AI/assets/brand/ecosystem/aylab.webp | MAGNE.AI/assets/brand/ecosystem/aylab2.webp | MAGNE.AI/assets/brand/partners/aylab.png | MAGNE.AI/assets/brand/partners/ecosystem/aylab.webp | MAGNE.AI/assets/brand/partners/ecosystem/aylab2.webp"
"D8919A387610DCCBBD0F150C9E297279E9551571EBD53F9EE98F16492DBFD440","4","10167","brand","MAGNE.AI/assets/brand/ecosystem/becker.png | MAGNE.AI/assets/brand/partners/becker.png | MAGNE.AI/assets/brand/partners/ecosystem/becker.png | MAGNE.AI/assets/brand/partners/strategic/becker.png"
"293963CF0376746DAD0F2B04A7F6ACCA2D21AE494C8DCD540452A6FF752A0AE7","2","8460","brand","MAGNE.AI/assets/brand/ecosystem/becker_web.png | MAGNE.AI/assets/brand/partners/ecosystem/becker_web.png"
"E0C92129B070CB2E58EBD7326BFFC70DB88CD32210ECCC408E5D928CC41C5833","4","4286","brand","MAGNE.AI/assets/brand/ecosystem/beosin.png | MAGNE.AI/assets/brand/ecosystem/ecosystem/beosin.png | MAGNE.AI/assets/brand/partners/beosin.png | MAGNE.AI/assets/brand/partners/ecosystem/beosin.png"
"B8E4948D74F94B56C9B9CBB6D6AEF8EE6C79C87CE72614DE55FBA5C3DFFA3C1C","5","42967","brand","MAGNE.AI/assets/brand/ecosystem/bitget.png | MAGNE.AI/assets/brand/ecosystem/ecosystem/bitget.png | MAGNE.AI/assets/brand/partners/bitget.png | MAGNE.AI/assets/brand/partners/ecosystem/bitget.png | MAGNE.AI/assets/brand/partners/strategic/bitget.png"
"8CBCDB4E6D09139B29994C07172B061960F49B62390C769C5A8442B0DBA3EB76","4","5306","brand","MAGNE.AI/assets/brand/ecosystem/bitpush.png | MAGNE.AI/assets/brand/ecosystem/ecosystem/bitpush.png | MAGNE.AI/assets/brand/partners/bitpush.png | MAGNE.AI/assets/brand/partners/ecosystem/bitpush.png"
"0A0776DC82229847B13E5D569F3403E376AEDFF17CECA75019DA8F0A87403F1A","2","4830","brand","MAGNE.AI/assets/brand/ecosystem/bitpush_web.png | MAGNE.AI/assets/brand/partners/ecosystem/bitpush_web.png"
"334B3538A3D619E203517C623E8CAF82FF4DAEF19D92C4F692B443E9D15E7CA8","4","19501","brand","MAGNE.AI/assets/brand/ecosystem/blockbeats.svg | MAGNE.AI/assets/brand/ecosystem/ecosystem/blockbeats.svg | MAGNE.AI/assets/brand/partners/blockbeats.svg | MAGNE.AI/assets/brand/partners/ecosystem/blockbeats.svg"
"92895E77AE30AF857C0F6E0C5D430455C08170BD47641A24EEBA1D68B16B2397","3","302","brand","MAGNE.AI/assets/brand/ecosystem/blockbeats_web.png | MAGNE.AI/assets/brand/ecosystem/ecosystem/blockbeats_web.png | MAGNE.AI/assets/brand/partners/ecosystem/blockbeats_web.png"
"6F8FD3171E77148EC312EA645B957F57CAFB301DE5431EE646298ABCB638995E","4","154378","brand","MAGNE.AI/assets/brand/ecosystem/castrum.png | MAGNE.AI/assets/brand/partners/castrum.png | MAGNE.AI/assets/brand/partners/ecosystem/castrum.png | MAGNE.AI/assets/brand/partners/strategic/castrum.png"
"19BF7793358D0B83AD916DB94D9366C5313415ABD45B126685EA9888C56B0696","2","5172","brand","MAGNE.AI/assets/brand/ecosystem/castrum_web.png | MAGNE.AI/assets/brand/partners/ecosystem/castrum_web.png"
"EAB363408B79544359825A999EE7D47AEB1A03DE0FE278A13F671469B4C82F5A","4","5121","brand","MAGNE.AI/assets/brand/ecosystem/chaincatcher_web.png | MAGNE.AI/assets/brand/ecosystem/ecosystem/chaincatcher_web.png | MAGNE.AI/assets/brand/partners/chaincatcher_web.png | MAGNE.AI/assets/brand/partners/ecosystem/chaincatcher_web.png"
"AB952B2F8A6107C18818D72CEDD2F1F0DF9A5B477CCA16DAC3135F26DE21FE80","4","2352","brand","MAGNE.AI/assets/brand/ecosystem/chainthink.png | MAGNE.AI/assets/brand/ecosystem/ecosystem/chainthink.png | MAGNE.AI/assets/brand/partners/chainthink.png | MAGNE.AI/assets/brand/partners/ecosystem/chainthink.png"
"C3382306034A8A47922D6880B36BA4B33010D64028773458B8674BF9A2B0F8F3","4","5771","brand","MAGNE.AI/assets/brand/ecosystem/cheersland.png | MAGNE.AI/assets/brand/ecosystem/ecosystem/cheersland.png | MAGNE.AI/assets/brand/partners/cheersland.png | MAGNE.AI/assets/brand/partners/ecosystem/cheersland.png"
"B028F62A0B7BEAD47A53E9953031537A99FD64105B26FBA72A40122FFCCD6970","4","4303","brand","MAGNE.AI/assets/brand/ecosystem/cipherbc.png | MAGNE.AI/assets/brand/ecosystem/ecosystem/cipherbc.png | MAGNE.AI/assets/brand/partners/cipherbc.png | MAGNE.AI/assets/brand/partners/ecosystem/cipherbc.png"
"592D4701921C4A677E3AA6FD69BB3E1662356AE69976D52612CB3BF0B9DEF5F7","4","157482","brand","MAGNE.AI/assets/brand/ecosystem/crmclick.png | MAGNE.AI/assets/brand/ecosystem/ecosystem/crmclick.png | MAGNE.AI/assets/brand/partners/crmclick.png | MAGNE.AI/assets/brand/partners/ecosystem/crmclick.png"
"ADD3482301BFBFBEF70CC2830AC845362EA7BE406EB59C1A09FDDC299A496955","3","1101","brand","MAGNE.AI/assets/brand/ecosystem/depinscan.png | MAGNE.AI/assets/brand/partners/depinscan.png | MAGNE.AI/assets/brand/partners/ecosystem/depinscan.png"
"5939D444D6577FD4C3D1D7BB6839810AE1887F1A8AED85F28DCBB0F05F5B16B5","2","1101","brand","MAGNE.AI/assets/brand/ecosystem/depinscan_web.png | MAGNE.AI/assets/brand/partners/ecosystem/depinscan_web.png"
"8CAC8748A63DEDECFDA8FDB95F720A1517D08E9BB6B0E085BB8B63014145C3CD","4","1261","brand","MAGNE.AI/assets/brand/ecosystem/dmail.svg | MAGNE.AI/assets/brand/ecosystem/ecosystem/dmail.svg | MAGNE.AI/assets/brand/partners/dmail.svg | MAGNE.AI/assets/brand/partners/ecosystem/dmail.svg"
"B0F2CA19EA4EC75BF69D34F5E4B0CA0C5A63449B41A7903A08DE66CFF0AEB986","2","8272","brand","MAGNE.AI/assets/brand/ecosystem/dmail_web.png | MAGNE.AI/assets/brand/partners/ecosystem/dmail_web.png"
"755964B8A56DFB091EE832DA94F60FEA0EC402A74944683D8BB0D353BFDF4BE0","4","5550","brand","MAGNE.AI/assets/brand/ecosystem/duckdao.png | MAGNE.AI/assets/brand/partners/duckdao.png | MAGNE.AI/assets/brand/partners/ecosystem/duckdao.png | MAGNE.AI/assets/brand/partners/strategic/duckdao.png"
"F67A9262801B741E892C4483A51AA98A8CB4605AD3DB6E4274C47A9842E35EA5","2","2913","brand","MAGNE.AI/assets/brand/ecosystem/duckdao_web.png | MAGNE.AI/assets/brand/partners/ecosystem/duckdao_web.png"
"2970C8C176061859FC06F08CC7FB3E1D9A1185E4660BF3E478E223CC7CC65A0A","4","18074","brand","MAGNE.AI/assets/brand/ecosystem/eni.png | MAGNE.AI/assets/brand/ecosystem/ecosystem/eni.png | MAGNE.AI/assets/brand/partners/eni.png | MAGNE.AI/assets/brand/partners/ecosystem/eni.png"
"5A4B7A4EFC85F7F2B474ED575638BA36074B60EE3042B314747D275011CF8D25","3","9011","brand","MAGNE.AI/assets/brand/ecosystem/eni_web.png | MAGNE.AI/assets/brand/ecosystem/ecosystem/eni_web.png | MAGNE.AI/assets/brand/partners/ecosystem/eni_web.png"
"EB5851A0601433A32092DBE9F461ACB04ABE5B44593E386E31DBC181B1C33C73","3","69809","brand","MAGNE.AI/assets/brand/ecosystem/evx.png | MAGNE.AI/assets/brand/ecosystem/ecosystem/evx.png | MAGNE.AI/assets/brand/partners/ecosystem/evx.png"
"98253D49549BFB5A02494964EAFD3F19E1A503F01BA0AF9CBB892D168F66266C","3","5950","brand","MAGNE.AI/assets/brand/ecosystem/evx_web.png | MAGNE.AI/assets/brand/ecosystem/ecosystem/evx_web.png | MAGNE.AI/assets/brand/partners/ecosystem/evx_web.png"
"74347666D61C4A39E038217C49E512044250A566BF6EC6C26578ACB64EE30FF1","7","3090","brand","MAGNE.AI/assets/brand/ecosystem/fih-white.svg | MAGNE.AI/assets/brand/ecosystem/mexc.svg | MAGNE.AI/assets/brand/ecosystem/ecosystem/fih-white.svg | MAGNE.AI/assets/brand/ecosystem/ecosystem/mexc.svg | MAGNE.AI/assets/brand/partners/fih-white.svg | MAGNE.AI/assets/brand/partners/ecosystem/fih-white.svg | MAGNE.AI/assets/brand/partners/ecosystem/mexc.svg"
"EA205862D299C1F15F6A1269D145B4ACA01DFFCEF04CA169459C720D65F5C442","4","14004","brand","MAGNE.AI/assets/brand/ecosystem/fognet.png | MAGNE.AI/assets/brand/ecosystem/ecosystem/fognet.png | MAGNE.AI/assets/brand/partners/fognet.png | MAGNE.AI/assets/brand/partners/ecosystem/fognet.png"
"A13F6AA3FDBF96A33A5B43D6A00003E5E74D87B1AD10DA29F1A32BBC77B6C1E1","2","2322","brand","MAGNE.AI/assets/brand/ecosystem/fognet_web.png | MAGNE.AI/assets/brand/partners/ecosystem/fognet_web.png"
"10DFECDB8DE4F48DBB3DE27613403EFCDD236E5FFCEC9FF00B2A40DCB663E8D8","4","13014","brand","MAGNE.AI/assets/brand/ecosystem/gamepad.svg | MAGNE.AI/assets/brand/ecosystem/ecosystem/gamepad.svg | MAGNE.AI/assets/brand/partners/gamepad.svg | MAGNE.AI/assets/brand/partners/ecosystem/gamepad.svg"
"3DC76CB0C15C4A36AE15859264103B580B331F44461AF848EDB4423C1BC4B1DF","2","264","brand","MAGNE.AI/assets/brand/ecosystem/gamepad_web.png | MAGNE.AI/assets/brand/partners/ecosystem/gamepad_web.png"
"E2FFC0746DC0337AFA5853F60EC992BF83483C8105C70586BE6CBEE825CE7096","3","15267","brand","MAGNE.AI/assets/brand/ecosystem/grandgangstacity_web.png | MAGNE.AI/assets/brand/ecosystem/ecosystem/grandgangstacity_web.png | MAGNE.AI/assets/brand/partners/ecosystem/grandgangstacity_web.png"
"2807749D63810C022D4FDB5C104679D5DC44E785828946A683CE1D742DB44912","6","16561","brand","MAGNE.AI/assets/brand/ecosystem/gs.png | MAGNE.AI/assets/brand/ecosystem/gs_legal_llc.png | MAGNE.AI/assets/brand/ecosystem/ecosystem/gs.png | MAGNE.AI/assets/brand/partners/gs.png | MAGNE.AI/assets/brand/partners/ecosystem/gs.png | MAGNE.AI/assets/brand/partners/ecosystem/gs_legal_llc.png"
"2741D7E737A4F33D7F165AEC90FC35AC722004DCA2462AA17DD429F206421163","2","1613","brand","MAGNE.AI/assets/brand/ecosystem/gs_legal_llc_web.png | MAGNE.AI/assets/brand/partners/ecosystem/gs_legal_llc_web.png"
"61F9F956A8F4FB65FFAAAD04FF37CC6488C2161BA39109E26284456F3C147229","4","2690","brand","MAGNE.AI/assets/brand/ecosystem/hpx_web.png | MAGNE.AI/assets/brand/ecosystem/ecosystem/hpx_web.png | MAGNE.AI/assets/brand/partners/hpx_web.png | MAGNE.AI/assets/brand/partners/ecosystem/hpx_web.png"
"CCE65B0E88BFC2C147C8BC91F98414AD54726E122BEFE9726B7F3CD77DB1E212","3","13407","brand","MAGNE.AI/assets/brand/ecosystem/hyra.svg | MAGNE.AI/assets/brand/partners/hyra-bg4.svg | MAGNE.AI/assets/brand/partners/ecosystem/hyra.svg"
"CD216B863786316DDC07EEAD487E18452E8F94BF7F5F7F7CA123E01D7776D2B9","2","350","brand","MAGNE.AI/assets/brand/ecosystem/hyra_web.png | MAGNE.AI/assets/brand/partners/ecosystem/hyra_web.png"
"43ECAFA1A4522497531512B977339B7E04A75554C9BA18C787C1252392E881A8","4","5883","brand","MAGNE.AI/assets/brand/ecosystem/iflux.svg | MAGNE.AI/assets/brand/ecosystem/ecosystem/iflux.svg | MAGNE.AI/assets/brand/partners/iflux.svg | MAGNE.AI/assets/brand/partners/ecosystem/iflux.svg"
"0E94F21A8D39BD298CBB33B9BEAC7BCCA24324A4B629A42CDEB2CBE69C4E0747","2","788","brand","MAGNE.AI/assets/brand/ecosystem/iflux_web.png | MAGNE.AI/assets/brand/partners/ecosystem/iflux_web.png"
"28E212F0E0F6BE9D35CA23EA779559D43FDB1117C2F5B3FB2D550AD139E22677","4","5254","brand","MAGNE.AI/assets/brand/ecosystem/iotex_web.png | MAGNE.AI/assets/brand/ecosystem/ecosystem/iotex_web.png | MAGNE.AI/assets/brand/partners/iotex_web.png | MAGNE.AI/assets/brand/partners/ecosystem/iotex_web.png"
"07D2456F40086650EF389589EF7342A3036817B43071E12B0002A250A545E92B","4","4622","brand","MAGNE.AI/assets/brand/ecosystem/jinse_web.png | MAGNE.AI/assets/brand/ecosystem/ecosystem/jinse_web.png | MAGNE.AI/assets/brand/partners/jinse_web.png | MAGNE.AI/assets/brand/partners/ecosystem/jinse_web.png"
"42E5DD9A1427D702483828BA2F7EC0F7926A95B8ADF47554E3F7868DAB9688EE","4","3036","brand","MAGNE.AI/assets/brand/ecosystem/kpopclick-green.png | MAGNE.AI/assets/brand/ecosystem/ecosystem/kpopclick-green.png | MAGNE.AI/assets/brand/partners/kpopclick-green.png | MAGNE.AI/assets/brand/partners/ecosystem/kpopclick-green.png"
"B610D2DC27E1BDAAF495E2E47176CD3B2093B5832F64EAE08AB387348237446E","4","10689","brand","MAGNE.AI/assets/brand/ecosystem/kucoin.png | MAGNE.AI/assets/brand/ecosystem/ecosystem/kucoin.png | MAGNE.AI/assets/brand/partners/kucoin.png | MAGNE.AI/assets/brand/partners/ecosystem/kucoin.png"
"EC53D18FB3E700F1C58B3CCEB2ACF707335C7621D9655CE6E15ACE32F7D649D5","3","3409","brand","MAGNE.AI/assets/brand/ecosystem/kucoin_web.png | MAGNE.AI/assets/brand/ecosystem/ecosystem/kucoin_web.png | MAGNE.AI/assets/brand/partners/ecosystem/kucoin_web.png"
"0EB7BCA7601D4FC0AA47F57103272D9F4C51370E4347152D8B948661E73AC138","4","20756","brand","MAGNE.AI/assets/brand/ecosystem/landload_web.png | MAGNE.AI/assets/brand/ecosystem/ecosystem/landload_web.png | MAGNE.AI/assets/brand/partners/landload_web.png | MAGNE.AI/assets/brand/partners/ecosystem/landload_web.png"
"391E2C4794C14DBC0E47F86A3767E90FADD3BC8563FA9551047092030FAE0D57","4","6287","brand","MAGNE.AI/assets/brand/ecosystem/lbank.png | MAGNE.AI/assets/brand/ecosystem/ecosystem/lbank.png | MAGNE.AI/assets/brand/partners/lbank.png | MAGNE.AI/assets/brand/partners/ecosystem/lbank.png"
"6019E288175924E9AC41A4316688D2C3E1CD4981E3A847C9FD0454229E068E9B","4","10049","brand","MAGNE.AI/assets/brand/ecosystem/linklayer.png | MAGNE.AI/assets/brand/ecosystem/ecosystem/linklayer.png | MAGNE.AI/assets/brand/partners/linklayer.png | MAGNE.AI/assets/brand/partners/ecosystem/linklayer.png"
"EE2F1FED5BAE7FF324F61F7F221BB652AEE08F90B8719A720EF95D2D2A1D75DA","5","62319","brand","MAGNE.AI/assets/brand/ecosystem/linklayer_ai.png | MAGNE.AI/assets/brand/ecosystem/ecosystem/LinkLayer AI.png | MAGNE.AI/assets/brand/partners/rei-network.png | MAGNE.AI/assets/brand/partners/ecosystem/LinkLayer AI.png | MAGNE.AI/assets/brand/partners/ecosystem/linklayer_ai.png"
"8EF9AEEE31CD9533CA74A40D08AB3DA3389E8B70EA54C1E5E92C4BBA7DDE3A79","2","2621","brand","MAGNE.AI/assets/brand/ecosystem/linklayer_ai_web.png | MAGNE.AI/assets/brand/partners/ecosystem/linklayer_ai_web.png"
"30F7CEDE0D012163503D18AD22F13E4F46BB6D9798E56C751909F3DFEAD8D06A","6","495361","brand","MAGNE.AI/assets/brand/ecosystem/logo.png | MAGNE.AI/assets/brand/ecosystem/snowball.png | MAGNE.AI/assets/brand/ecosystem/ecosystem/logo.png | MAGNE.AI/assets/brand/partners/logo.png | MAGNE.AI/assets/brand/partners/ecosystem/logo.png | MAGNE.AI/assets/brand/partners/ecosystem/snowball.png"
"F878D4D2E970CF734E55EE826CEF321D1016CD56EA80AE6FBC5673A8BB483DDC","4","883903","brand","MAGNE.AI/assets/brand/ecosystem/manuspay.png | MAGNE.AI/assets/brand/ecosystem/ecosystem/manuspay.png | MAGNE.AI/assets/brand/partners/manuspay.png | MAGNE.AI/assets/brand/partners/ecosystem/manuspay.png"
"2759F7CC65507025E8C5623202B6CD8D6FC90A7DC2186016D5DCA1E74CCA3DDB","2","5012","brand","MAGNE.AI/assets/brand/ecosystem/manuspay_web.png | MAGNE.AI/assets/brand/partners/ecosystem/manuspay_web.png"
"7A9E943C62DFBBFF49253501165AE0C787B4B1CD71528AC2562CFBDFDE81858C","4","7805","brand","MAGNE.AI/assets/brand/ecosystem/medium.png | MAGNE.AI/assets/brand/ecosystem/meta_arena.png | MAGNE.AI/assets/brand/partners/ecosystem/medium.png | MAGNE.AI/assets/brand/partners/ecosystem/meta_arena.png"
"05DFAB98720CEB3A8F05241D70D425BDD3BAD937A0C72BC804A79E5D6DB4624A","2","4250","brand","MAGNE.AI/assets/brand/ecosystem/medium_web.png | MAGNE.AI/assets/brand/partners/ecosystem/medium_web.png"
"26D686053F8076D0B43E88FACE510F1AB9E6817F71FB3767D5726B062A33AE6A","3","3794","brand","MAGNE.AI/assets/brand/ecosystem/menya_web.png | MAGNE.AI/assets/brand/ecosystem/ecosystem/menya_web.png | MAGNE.AI/assets/brand/partners/ecosystem/menya_web.png"
"7B1C14CDEE2457378825E70B047081B88B638E9310DF39D0B8494932DFA6FA61","2","4250","brand","MAGNE.AI/assets/brand/ecosystem/meta_arena_web.png | MAGNE.AI/assets/brand/partners/ecosystem/meta_arena_web.png"
"44B4532713C1DB289C4DD8E2946F937B28D92F42CDBF3B967CA406455038E618","5","4930","brand","MAGNE.AI/assets/brand/ecosystem/mexc.png | MAGNE.AI/assets/brand/ecosystem/ecosystem/mexc.png | MAGNE.AI/assets/brand/partners/mexc.png | MAGNE.AI/assets/brand/partners/ecosystem/mexc.png | MAGNE.AI/assets/brand/partners/strategic/mexc.png"
"1D05AEB4ACD87A8A66AB44D8B24BAB38ECA50F9A6B1C7EFDDE4347B8AE3AA298","3","3105","brand","MAGNE.AI/assets/brand/ecosystem/mexc_web.png | MAGNE.AI/assets/brand/ecosystem/ecosystem/mexc_web.png | MAGNE.AI/assets/brand/partners/ecosystem/mexc_web.png"
"C5C128F98F8A9E3F70D2B712B27D0E4E91B455A0FA3214598746755CD9B0E7C7","3","5226","brand","MAGNE.AI/assets/brand/ecosystem/mixmax.png | MAGNE.AI/assets/brand/partners/wix-logo.png | MAGNE.AI/assets/brand/partners/ecosystem/mixmax.png"
"D4B767FB1C36EF26369A99E38B2CE5F9386C7EA0EBD7313812631FE3023D5DD3","2","1170","brand","MAGNE.AI/assets/brand/ecosystem/mixmax_web.png | MAGNE.AI/assets/brand/partners/ecosystem/mixmax_web.png"
"4A6ECD9EB7401D163AA4D37E8AE437A808FE29A2395D4AEE91A589A915D5DF8C","6","660737","brand","MAGNE.AI/assets/brand/ecosystem/mobinode.svg | MAGNE.AI/assets/brand/ecosystem/nowchain.svg | MAGNE.AI/assets/brand/ecosystem/ecosystem/mobinode.svg | MAGNE.AI/assets/brand/partners/mobinode.svg | MAGNE.AI/assets/brand/partners/ecosystem/mobinode.svg | MAGNE.AI/assets/brand/partners/ecosystem/nowchain.svg"
"19D2BAD26B501C9475999BDFDF5071C71BAC89971F78D778E5A21534906A9C35","2","265","brand","MAGNE.AI/assets/brand/ecosystem/mobinode_web.png | MAGNE.AI/assets/brand/partners/ecosystem/mobinode_web.png"
"D223583789D02A702D716D44146DC1E0B4A9038C9965B801899BAF23D3110175","4","6657","brand","MAGNE.AI/assets/brand/ecosystem/momofun.png | MAGNE.AI/assets/brand/ecosystem/ecosystem/momofun.png | MAGNE.AI/assets/brand/partners/momofun.png | MAGNE.AI/assets/brand/partners/ecosystem/momofun.png"
"46DB91386F1626C239C7D240C0CBCE652F5875641EF84096F9BF5319F9C9B6DC","2","4620","brand","MAGNE.AI/assets/brand/ecosystem/momofun_web.png | MAGNE.AI/assets/brand/partners/ecosystem/momofun_web.png"
"80F310A88C8DA4E51F69CF13724302A42A4665FC5B7FE0870EF54BEB5D2CE361","4","5980","brand","MAGNE.AI/assets/brand/ecosystem/nodle.svg | MAGNE.AI/assets/brand/ecosystem/ecosystem/nodle.svg | MAGNE.AI/assets/brand/partners/nodle.svg | MAGNE.AI/assets/brand/partners/ecosystem/nodle.svg"
"B73D8AD272A38E4740A8505DC3DFF4D25A958F35982322F2A3F18FFF962E862E","2","266","brand","MAGNE.AI/assets/brand/ecosystem/nodle_web.png | MAGNE.AI/assets/brand/partners/ecosystem/nodle_web.png"
"24BCAA8A82560CA666942872DB9F8D653C4B93200B6EC9567E73C71293C9E8AF","2","265","brand","MAGNE.AI/assets/brand/ecosystem/nowchain_web.png | MAGNE.AI/assets/brand/partners/ecosystem/nowchain_web.png"
"4CA86C828D189173423B5C655CA114CE9B4A93444B892A8E41BBFADE8A03B49C","4","2761","brand","MAGNE.AI/assets/brand/ecosystem/planethares.png | MAGNE.AI/assets/brand/ecosystem/ecosystem/planethares.png | MAGNE.AI/assets/brand/partners/planethares.png | MAGNE.AI/assets/brand/partners/ecosystem/planethares.png"
"A6E7A500D872BC14586AB5A06EDDCE81A48C307A7911336A8FE9A6AF4485A29E","2","2761","brand","MAGNE.AI/assets/brand/ecosystem/planethares_web.png | MAGNE.AI/assets/brand/partners/ecosystem/planethares_web.png"
"EE8A903A9E74230AB307129A937CF5A34984D7326EF9007BDB6F4DD5890DCE78","4","2096","brand","MAGNE.AI/assets/brand/ecosystem/playsout_web.png | MAGNE.AI/assets/brand/ecosystem/ecosystem/playsout_web.png | MAGNE.AI/assets/brand/partners/playsout_web.png | MAGNE.AI/assets/brand/partners/ecosystem/playsout_web.png"
"9D00B613C45F6BF49953FE8CA476C97B99DD84C8C860664E902E4935AFFE4206","3","156548","brand","MAGNE.AI/assets/brand/ecosystem/primeyield.svg | MAGNE.AI/assets/brand/partners/primeyield.svg | MAGNE.AI/assets/brand/partners/ecosystem/primeyield.svg"
"02C3F18DB28C7351F95215A3BA97B912BA5451D0911C27F8011A78F889DF9F89","2","450","brand","MAGNE.AI/assets/brand/ecosystem/primeyield_web.png | MAGNE.AI/assets/brand/partners/ecosystem/primeyield_web.png"
"F7DEC40B49D9CBD29A77D4A26FB0B22D74D25517BD39B848455F33FEBBE8CE48","4","24764","brand","MAGNE.AI/assets/brand/ecosystem/qitmeer.svg | MAGNE.AI/assets/brand/ecosystem/ecosystem/qitmeer.svg | MAGNE.AI/assets/brand/partners/qitmeer.svg | MAGNE.AI/assets/brand/partners/ecosystem/qitmeer.svg"
"EB5C76C026B7A1187CAF36F1084F7230E3954369ED35EAD53BFDD35852CD52A3","2","268","brand","MAGNE.AI/assets/brand/ecosystem/qitmeer_web.png | MAGNE.AI/assets/brand/partners/ecosystem/qitmeer_web.png"
"10C3DBC54EDD4A3065E865412ED4469F425DAA27BD589514E241E7BF674FF02E","4","2621","brand","MAGNE.AI/assets/brand/ecosystem/rei_web.png | MAGNE.AI/assets/brand/ecosystem/ecosystem/rei_web.png | MAGNE.AI/assets/brand/partners/rei_web.png | MAGNE.AI/assets/brand/partners/ecosystem/rei_web.png"
"C808606D6F16976C0E05092F40986A07F225C858566E0E3B6EF017AAFFE321A1","6","85638","brand","MAGNE.AI/assets/brand/ecosystem/samurai.png | MAGNE.AI/assets/brand/ecosystem/samurai_warlords.png | MAGNE.AI/assets/brand/ecosystem/ecosystem/samurai.png | MAGNE.AI/assets/brand/partners/samurai.png | MAGNE.AI/assets/brand/partners/ecosystem/samurai.png | MAGNE.AI/assets/brand/partners/ecosystem/samurai_warlords.png"
"4716A47043F132AE0A40E8D9E2C87412F9FBCD8B4251229533BAED3301A3FABC","2","9855","brand","MAGNE.AI/assets/brand/ecosystem/samurai_warlords_web.png | MAGNE.AI/assets/brand/partners/ecosystem/samurai_warlords_web.png"
"B7EC366897D2A74919D85ACCA974F0AD259BC8B75CB02DEE91E9D4AF8BAF08CF","2","3969","brand","MAGNE.AI/assets/brand/ecosystem/snowball_web.png | MAGNE.AI/assets/brand/partners/ecosystem/snowball_web.png"
"CDCB0FE16E51C103D6DD7FE74E4E0EE4316E602B4BFF88215F4EB84F14186C77","4","101789","brand","MAGNE.AI/assets/brand/ecosystem/socialgrowai.png | MAGNE.AI/assets/brand/ecosystem/ecosystem/socialgrowai.png | MAGNE.AI/assets/brand/partners/socialgrowai.png | MAGNE.AI/assets/brand/partners/ecosystem/socialgrowai.png"
"8866625C21516FAF8976D4A904514E1BAEBD1E86C7C9881244226F473627044A","2","2776","brand","MAGNE.AI/assets/brand/ecosystem/socialgrowai_web.png | MAGNE.AI/assets/brand/partners/ecosystem/socialgrowai_web.png"
"8309D2CE5FB0F51A9F0311C94843A19B11D337BDDAE3F7E48E35523C1CA6AD7C","4","2687","brand","MAGNE.AI/assets/brand/ecosystem/soda.png | MAGNE.AI/assets/brand/ecosystem/ecosystem/soda.png | MAGNE.AI/assets/brand/partners/soda.png | MAGNE.AI/assets/brand/partners/ecosystem/soda.png"
"0E7C2F544E2753359B6A7D88A018C8EF58DDDC9C63F2ED22E4EA4CFAF2735AC5","2","3510","brand","MAGNE.AI/assets/brand/ecosystem/soda_web.png | MAGNE.AI/assets/brand/partners/ecosystem/soda_web.png"
"7301703C4FD7D69463D5435E50AE9AD62E02231A41D7DC193FF2B414A3D99F1D","4","124081","brand","MAGNE.AI/assets/brand/ecosystem/soei.png | MAGNE.AI/assets/brand/ecosystem/ecosystem/soei.png | MAGNE.AI/assets/brand/partners/soei.png | MAGNE.AI/assets/brand/partners/ecosystem/soei.png"
"99881956BDBCCE734168F46E651CA0592FC3CEDBB31CC01C82429AF61C31B21C","3","5539","brand","MAGNE.AI/assets/brand/ecosystem/soei_web.png | MAGNE.AI/assets/brand/ecosystem/ecosystem/soei_web.png | MAGNE.AI/assets/brand/partners/ecosystem/soei_web.png"
"848ACE5BD8A259996A79B0267EBFF82D57928167B6DCDB56DE24A33EA4043841","4","7810","brand","MAGNE.AI/assets/brand/ecosystem/stabilityworld.svg | MAGNE.AI/assets/brand/ecosystem/ecosystem/stabilityworld.svg | MAGNE.AI/assets/brand/partners/stabilityworld.svg | MAGNE.AI/assets/brand/partners/ecosystem/stabilityworld.svg"
"9411B689DDB6D33B55760FDBF631B1F617E1C3F19479B5885F7DE6971B7F6F72","2","268","brand","MAGNE.AI/assets/brand/ecosystem/stabilityworld_web.png | MAGNE.AI/assets/brand/partners/ecosystem/stabilityworld_web.png"
"1A91F83C7D4B5E087C8C9351D2BD4440F69E6FA87D99E1A34AA2A2C2885EFFA0","4","1997","brand","MAGNE.AI/assets/brand/ecosystem/tbv.png | MAGNE.AI/assets/brand/partners/tbv.png | MAGNE.AI/assets/brand/partners/ecosystem/tbv.png | MAGNE.AI/assets/brand/partners/strategic/tbv.png"
"59E2DCD44D2E1B1D7E348667BFF3D7128FFC3A6B7F31C3EC303EE26004F2056D","2","1997","brand","MAGNE.AI/assets/brand/ecosystem/tbv_web.png | MAGNE.AI/assets/brand/partners/ecosystem/tbv_web.png"
"197F7E9395FEDE7625BA2084E6B17A015DADD6243F1AF40090D526D10936876F","4","2713","brand","MAGNE.AI/assets/brand/ecosystem/tdk_inv.png | MAGNE.AI/assets/brand/partners/tdk_inv.png | MAGNE.AI/assets/brand/partners/ecosystem/tdk_inv.png | MAGNE.AI/assets/brand/partners/strategic/tdk_inv.png"
"D113A90C590B64F8B771A00745640735EA3A63A5F18E62869B1145171AF79BF2","4","9427","brand","MAGNE.AI/assets/brand/ecosystem/techflow.png | MAGNE.AI/assets/brand/ecosystem/ecosystem/techflow.png | MAGNE.AI/assets/brand/partners/techflow.png | MAGNE.AI/assets/brand/partners/ecosystem/techflow.png"
"F84E9A4EFC6FF65E9A7B428B16017ABDAC88178F59BF715C896A6D1AB1632137","2","3272","brand","MAGNE.AI/assets/brand/ecosystem/techflow_web.png | MAGNE.AI/assets/brand/partners/ecosystem/techflow_web.png"
"E6A57E91199CB9A37A3C9FB8891891C97C833F9F95F98A4A44FEF039435D4963","4","73323","brand","MAGNE.AI/assets/brand/ecosystem/teltlk.png | MAGNE.AI/assets/brand/ecosystem/ecosystem/teltlk.png | MAGNE.AI/assets/brand/partners/teltlk.png | MAGNE.AI/assets/brand/partners/ecosystem/teltlk.png"
"27991C14D84ECF3EE55ECA05533A286995E7FA999D30EE889C58E96B73FAED51","3","1949","brand","MAGNE.AI/assets/brand/ecosystem/teltlk_web.png | MAGNE.AI/assets/brand/ecosystem/ecosystem/teltlk_web.png | MAGNE.AI/assets/brand/partners/ecosystem/teltlk_web.png"
"791D3C092C6C71CD55F7883B1F5A09BEA835080B70184A03EE2633D426B439E6","4","19512","brand","MAGNE.AI/assets/brand/ecosystem/TX24.png | MAGNE.AI/assets/brand/ecosystem/ecosystem/TX24.png | MAGNE.AI/assets/brand/partners/newlogo.png | MAGNE.AI/assets/brand/partners/ecosystem/TX24.png"
"7899072533E28A97827BDE5D2823211CDF8F54D9C43FB88A32B605A67B781EDC","2","3816","brand","MAGNE.AI/assets/brand/ecosystem/TX24_web.png | MAGNE.AI/assets/brand/partners/ecosystem/TX24_web.png"
"2FE113AE0904498F1B5934098BE44E1B4BA8BB7ECB411B5B70C004410FF8B31F","9","7422","brand","MAGNE.AI/assets/brand/ecosystem/u2u.svg | MAGNE.AI/assets/brand/ecosystem/u2u_network.svg | MAGNE.AI/assets/brand/ecosystem/u2u_new.png | MAGNE.AI/assets/brand/ecosystem/ecosystem/u2u.svg | MAGNE.AI/assets/brand/ecosystem/ecosystem/u2u_new.png | MAGNE.AI/assets/brand/partners/u2u.svg | MAGNE.AI/assets/brand/partners/ecosystem/u2u.svg | MAGNE.AI/assets/brand/partners/ecosystem/u2u_network.svg | MAGNE.AI/assets/brand/partners/ecosystem/u2u_new.png"
"03F60A83E0B3C05B8241EF60ADA99E7E2D7B9BC966151836491C2156E1F68D9D","2","1338","brand","MAGNE.AI/assets/brand/ecosystem/u2u_network_web.png | MAGNE.AI/assets/brand/partners/ecosystem/u2u_network_web.png"
"3761E457573978E8361D5B3A52177DB0FA5EF76C322618C182E80297DF621D22","3","1281","brand","MAGNE.AI/assets/brand/ecosystem/u2u_web.png | MAGNE.AI/assets/brand/ecosystem/ecosystem/u2u_web.png | MAGNE.AI/assets/brand/partners/ecosystem/u2u_web.png"
"15C256ECE5028E9783BDD14F3F8B68493E2279D893201AF284F57AE993BCA508","3","6792","brand","MAGNE.AI/assets/brand/ecosystem/virgocx.png | MAGNE.AI/assets/brand/ecosystem/ecosystem/virgocx.png | MAGNE.AI/assets/brand/partners/ecosystem/virgocx.png"
"E20FDA252E105620CCE89ADA3E2227CD8DAD6D14E3D70C195A06735D2B3FDBE6","3","4080","brand","MAGNE.AI/assets/brand/ecosystem/virgocx_web.png | MAGNE.AI/assets/brand/ecosystem/ecosystem/virgocx_web.png | MAGNE.AI/assets/brand/partners/ecosystem/virgocx_web.png"
"D4F61ADBBB943331FAE1229F2D314F00D778BCA18975C15B5DA58EC23C312CDA","4","5363","brand","MAGNE.AI/assets/brand/ecosystem/weex.png | MAGNE.AI/assets/brand/ecosystem/ecosystem/weex.png | MAGNE.AI/assets/brand/partners/weex.png | MAGNE.AI/assets/brand/partners/ecosystem/weex.png"
"898F4DF28FE1081A3DB5A488FC95366A17FB25071C35E6A3F6A59D43732CBB4E","4","2914","brand","MAGNE.AI/assets/brand/ecosystem/xt.png | MAGNE.AI/assets/brand/ecosystem/ecosystem/xt.png | MAGNE.AI/assets/brand/partners/xt.png | MAGNE.AI/assets/brand/partners/ecosystem/xt.png"
"C9CF3ED43FDF45EF0CDAE3C10FDD414A087DA008B64DFA1B481A712E0DEE76C7","2","1705","brand","MAGNE.AI/assets/brand/ecosystem/ecosystem/depinscan_web.png | MAGNE.AI/assets/brand/partners/depinscan_web.png"
"12A94E09CAF0F4C0C649C8DEB71163AA024834BBFDFF0693270524A6B84CFCC6","6","269","brand","MAGNE.AI/assets/brand/ecosystem/ecosystem/gamepad_web.png | MAGNE.AI/assets/brand/ecosystem/ecosystem/nodle_web.png | MAGNE.AI/assets/brand/ecosystem/ecosystem/stabilityworld_web.png | MAGNE.AI/assets/brand/partners/gamepad_web.png | MAGNE.AI/assets/brand/partners/nodle_web.png | MAGNE.AI/assets/brand/partners/stabilityworld_web.png"
"EC63E554E8B5694C620DA596D8DDF1C1FB58E90F118634B73E74570818850963","2","14897","brand","MAGNE.AI/assets/brand/ecosystem/ecosystem/hyra.svg | MAGNE.AI/assets/brand/partners/hyra.svg"
"D53197D952EE12719C20EF356E860ED9C3C3103CFD844FBA118EC025617BEBD6","2","13816","brand","MAGNE.AI/assets/brand/logos/Magne.AIlogo_2---c66058d0-523d-4cdf-82c0-e630cc9e7957.png | MAGNE.AI/assets/brand/media-kit-logos/28-logo-variant.png"
"F77DC6D07B05C4A4B32F35F293642D8DECF54F34960904F30F4E5998775B854D","2","48906","brand","MAGNE.AI/assets/brand/logos/Magne.AIlogo_BLACKPNG---60b049b1-b656-4d69-9119-1280a994b2b0.png | MAGNE.AI/assets/brand/media-kit-logos/04-logo-black-wide.png"
"0036664C3A57437D5F4F21C24FEC2F99135382471AEA4AFB0843C7442C28B156","2","13856","brand","MAGNE.AI/assets/brand/logos/Magne.AIlogo_png_3---ab3165ec-3118-4423-a257-629440305ca7.png | MAGNE.AI/assets/brand/media-kit-logos/03-logo-variant.png"
"E55134493C8121EECEB73409EDCA1948D6DD2268AAD658564B2614F8DCD74AB1","2","53497","brand","MAGNE.AI/assets/brand/logos/Magne.AIlogo_PNG_5---67148b18-44bb-400c-8035-f3c7e3469844.png | MAGNE.AI/assets/brand/media-kit-logos/02-logo-variant.png"
"2AA5C4143164DD9D2900A29B97627DE42C8922457483F2AADD3EAF267CE07471","2","55714","brand","MAGNE.AI/assets/brand/logos/Magne.AIlogo_PNG_6---01b9231c-d825-4e5e-a7cf-c80624a0e617.png | MAGNE.AI/assets/brand/media-kit-logos/01-logo-variant.png"
"818458E8FB207B790441080CBD7AB1CC7AB9C8FA69C0ABFDE70D9B63E505F57E","2","48934","brand","MAGNE.AI/assets/brand/logos/Magne.AIlogo_WITHE---9e7017c9-bf39-4944-946b-8ffaefa978e8.png | MAGNE.AI/assets/brand/media-kit-logos/06-logo-white-wide.png"
"95C6783DF846B5040FB9707D63F0DFA0EB811D7DCC32D75DE071A24B7CD564DB","2","5139","brand","MAGNE.AI/assets/brand/partners/deepmind_blue.png | MAGNE.AI/assets/brand/partners/strategic/deepmind_blue.png"
"0D4663953E8EC7609978B7604E165D11A36152C08E3DE744F8FE9346A6D8EF52","2","1847","brand","MAGNE.AI/assets/brand/partners/depinscan-new.svg | MAGNE.AI/assets/brand/partners/depinscan.svg"
"E1AB4E9D70409194BBD0C2F33E6501BE12ED6CF38E18408105D2E358E60CA9CB","2","1703","brand","MAGNE.AI/assets/brand/partners/fih.png | MAGNE.AI/assets/brand/partners/strategic/fih.png"
"BAC3AB71F311A72B64B6E8A5A68DC077FFAA9BECA96B1885C7FF74891E20B1AB","2","11870","brand","MAGNE.AI/assets/brand/partners/google-logo.png | MAGNE.AI/assets/brand/partners/strategic/google-logo.png"
"70DB19E81D7DE752DE47CACBCAA09D61715270C2E289B3F6E14751F3A822AF3A","2","64876","brand","MAGNE.AI/assets/brand/partners/hed.png | MAGNE.AI/assets/brand/partners/strategic/hed.png"
"E708215065B895AC9E8663DFD5FA1E0C312F2EE877016AC98FDA15FEBE5F31A3","2","4948","brand","MAGNE.AI/assets/brand/partners/imag_green.png | MAGNE.AI/assets/brand/partners/strategic/imag_green.png"
"742585F1CDBBF266C69DE4892C4EB5E3D392BCA3251E0481C38D5BD286A3BFE8","2","10052","brand","MAGNE.AI/assets/brand/partners/kucoin.svg | MAGNE.AI/assets/brand/partners/strategic/kucoin.svg"
"8E8E51507EDD2CFC144C779B6E2644B1A92341574B13B76E6E45E95B708281D5","2","2522","brand","MAGNE.AI/assets/brand/partners/micron_inv.png | MAGNE.AI/assets/brand/partners/strategic/micron_inv.png"
"F85D44C2334948989B9A0EE6BAE6396CD13134E2EF5D58D6404FA6B7CB287AB6","2","7263","brand","MAGNE.AI/assets/brand/partners/playsout-new.png | MAGNE.AI/assets/brand/partners/playsout.png"
"74531B3FB24F3DCA131494FD7B9DB44CE437E920FFF6E02C7CB6AF392DAED26E","2","10706","brand","MAGNE.AI/assets/brand/partners/redrock_web.png | MAGNE.AI/assets/brand/partners/strategic/redrock_web.png"
"076FEF0C7A348FADCB517760564B090C00A7BF8CD9D399907FDC43BCB22ED6E5","2","2906","brand","MAGNE.AI/assets/brand/partners/samsung_inv.png | MAGNE.AI/assets/brand/partners/strategic/samsung_inv.png"
"C1912412701E61CB66DADC4E072A7283FF6A26D2043C37959BA308082BCDA5E0","2","7782","brand","MAGNE.AI/assets/brand/partners/skhynix_web.png | MAGNE.AI/assets/brand/partners/strategic/skhynix_web.png"
"1845E42F27EFA3538084C882C431C17B7CC3BF3BDE6364E430338B3CD2E7E620","2","13964","brand","MAGNE.AI/assets/brand/partners/ti.svg | MAGNE.AI/assets/brand/partners/strategic/ti.svg"
"48B5FCB482CAF6CEAC965B987DF69C8B9ACA92C7EC7EC1A60C042A31913A2449","2","8399","brand","MAGNE.AI/assets/brand/partners/unisoc_web.png | MAGNE.AI/assets/brand/partners/strategic/unisoc_web.png"
"55E8A153CE9DE5CB176C4A01A0DFD771592720DE63C6F9DD6DDF3642D0AAAC38","2","7765","brand","MAGNE.AI/assets/brand/partners/wd_better_inv.png | MAGNE.AI/assets/brand/partners/strategic/wd_better_inv.png"
