"key","count","hashes","paths"
"brand, 1zeni.png","4","1","MAGNE.AI/assets/brand/ecosystem/1zeni.png | MAGNE.AI/assets/brand/ecosystem/ecosystem/1zeni.png | MAGNE.AI/assets/brand/partners/1zeni.png | MAGNE.AI/assets/brand/partners/ecosystem/1zeni.png"
"brand, 21dao.png","4","1","MAGNE.AI/assets/brand/ecosystem/21dao.png | MAGNE.AI/assets/brand/ecosystem/ecosystem/21dao.png | MAGNE.AI/assets/brand/partners/21dao.png | MAGNE.AI/assets/brand/partners/ecosystem/21dao.png"
"brand, agentbay.png","4","1","MAGNE.AI/assets/brand/ecosystem/agentbay.png | MAGNE.AI/assets/brand/ecosystem/ecosystem/agentbay.png | MAGNE.AI/assets/brand/partners/agentbay.png | MAGNE.AI/assets/brand/partners/ecosystem/agentbay.png"
"brand, agentbay_web.png","2","1","MAGNE.AI/assets/brand/ecosystem/agentbay_web.png | MAGNE.AI/assets/brand/partners/ecosystem/agentbay_web.png"
"brand, aios-ventures.png","4","1","MAGNE.AI/assets/brand/ecosystem/aios-ventures.png | MAGNE.AI/assets/brand/ecosystem/ecosystem/aios-ventures.png | MAGNE.AI/assets/brand/partners/aios-ventures.png | MAGNE.AI/assets/brand/partners/ecosystem/aios-ventures.png"
"brand, aios.jpg","3","1","MAGNE.AI/assets/brand/ecosystem/aios.jpg | MAGNE.AI/assets/brand/ecosystem/ecosystem/aios.jpg | MAGNE.AI/assets/brand/partners/ecosystem/aios.jpg"
"brand, aios.png","2","1","MAGNE.AI/assets/brand/ecosystem/aios.png | MAGNE.AI/assets/brand/partners/ecosystem/aios.png"
"brand, aios_web.png","3","2","MAGNE.AI/assets/brand/ecosystem/aios_web.png | MAGNE.AI/assets/brand/ecosystem/ecosystem/aios_web.png | MAGNE.AI/assets/brand/partners/ecosystem/aios_web.png"
"brand, ascendex.svg","2","1","MAGNE.AI/assets/brand/ecosystem/ascendex.svg | MAGNE.AI/assets/brand/partners/ecosystem/ascendex.svg"
"brand, ascendex_web.png","2","1","MAGNE.AI/assets/brand/ecosystem/ascendex_web.png | MAGNE.AI/assets/brand/partners/ecosystem/ascendex_web.png"
"brand, attrace.svg","4","1","MAGNE.AI/assets/brand/ecosystem/attrace.svg | MAGNE.AI/assets/brand/ecosystem/ecosystem/attrace.svg | MAGNE.AI/assets/brand/partners/attrace.svg | MAGNE.AI/assets/brand/partners/ecosystem/attrace.svg"
"brand, attRace_web.png","2","1","MAGNE.AI/assets/brand/ecosystem/attRace_web.png | MAGNE.AI/assets/brand/partners/ecosystem/attRace_web.png"
"brand, avedex.png","4","1","MAGNE.AI/assets/brand/ecosystem/avedex.png | MAGNE.AI/assets/brand/ecosystem/ecosystem/avedex.png | MAGNE.AI/assets/brand/partners/avedex.png | MAGNE.AI/assets/brand/partners/ecosystem/avedex.png"
"brand, ave_ai.png","2","1","MAGNE.AI/assets/brand/ecosystem/ave_ai.png | MAGNE.AI/assets/brand/partners/ecosystem/ave_ai.png"
"brand, ave_ai_web.png","2","1","MAGNE.AI/assets/brand/ecosystem/ave_ai_web.png | MAGNE.AI/assets/brand/partners/ecosystem/ave_ai_web.png"
"brand, aylab.webp","2","1","MAGNE.AI/assets/brand/ecosystem/aylab.webp | MAGNE.AI/assets/brand/partners/ecosystem/aylab.webp"
"brand, aylab2.webp","2","1","MAGNE.AI/assets/brand/ecosystem/aylab2.webp | MAGNE.AI/assets/brand/partners/ecosystem/aylab2.webp"
"brand, becker.png","4","1","MAGNE.AI/assets/brand/ecosystem/becker.png | MAGNE.AI/assets/brand/partners/becker.png | MAGNE.AI/assets/brand/partners/ecosystem/becker.png | MAGNE.AI/assets/brand/partners/strategic/becker.png"
"brand, becker_web.png","2","1","MAGNE.AI/assets/brand/ecosystem/becker_web.png | MAGNE.AI/assets/brand/partners/ecosystem/becker_web.png"
"brand, beosin.png","4","1","MAGNE.AI/assets/brand/ecosystem/beosin.png | MAGNE.AI/assets/brand/ecosystem/ecosystem/beosin.png | MAGNE.AI/assets/brand/partners/beosin.png | MAGNE.AI/assets/brand/partners/ecosystem/beosin.png"
"brand, bitget.png","5","1","MAGNE.AI/assets/brand/ecosystem/bitget.png | MAGNE.AI/assets/brand/ecosystem/ecosystem/bitget.png | MAGNE.AI/assets/brand/partners/bitget.png | MAGNE.AI/assets/brand/partners/ecosystem/bitget.png | MAGNE.AI/assets/brand/partners/strategic/bitget.png"
"brand, bitpush.png","4","1","MAGNE.AI/assets/brand/ecosystem/bitpush.png | MAGNE.AI/assets/brand/ecosystem/ecosystem/bitpush.png | MAGNE.AI/assets/brand/partners/bitpush.png | MAGNE.AI/assets/brand/partners/ecosystem/bitpush.png"
"brand, bitpush_web.png","2","1","MAGNE.AI/assets/brand/ecosystem/bitpush_web.png | MAGNE.AI/assets/brand/partners/ecosystem/bitpush_web.png"
"brand, blockbeats.svg","4","1","MAGNE.AI/assets/brand/ecosystem/blockbeats.svg | MAGNE.AI/assets/brand/ecosystem/ecosystem/blockbeats.svg | MAGNE.AI/assets/brand/partners/blockbeats.svg | MAGNE.AI/assets/brand/partners/ecosystem/blockbeats.svg"
"brand, blockbeats_web.png","4","2","MAGNE.AI/assets/brand/ecosystem/blockbeats_web.png | MAGNE.AI/assets/brand/ecosystem/ecosystem/blockbeats_web.png | MAGNE.AI/assets/brand/partners/blockbeats_web.png | MAGNE.AI/assets/brand/partners/ecosystem/blockbeats_web.png"
"brand, castrum.png","4","1","MAGNE.AI/assets/brand/ecosystem/castrum.png | MAGNE.AI/assets/brand/partners/castrum.png | MAGNE.AI/assets/brand/partners/ecosystem/castrum.png | MAGNE.AI/assets/brand/partners/strategic/castrum.png"
"brand, castrum_web.png","3","2","MAGNE.AI/assets/brand/ecosystem/castrum_web.png | MAGNE.AI/assets/brand/partners/ecosystem/castrum_web.png | MAGNE.AI/assets/brand/partners/strategic/castrum_web.png"
"brand, chaincatcher_web.png","4","1","MAGNE.AI/assets/brand/ecosystem/chaincatcher_web.png | MAGNE.AI/assets/brand/ecosystem/ecosystem/chaincatcher_web.png | MAGNE.AI/assets/brand/partners/chaincatcher_web.png | MAGNE.AI/assets/brand/partners/ecosystem/chaincatcher_web.png"
"brand, chainthink.png","4","1","MAGNE.AI/assets/brand/ecosystem/chainthink.png | MAGNE.AI/assets/brand/ecosystem/ecosystem/chainthink.png | MAGNE.AI/assets/brand/partners/chainthink.png | MAGNE.AI/assets/brand/partners/ecosystem/chainthink.png"
"brand, cheersland.png","4","1","MAGNE.AI/assets/brand/ecosystem/cheersland.png | MAGNE.AI/assets/brand/ecosystem/ecosystem/cheersland.png | MAGNE.AI/assets/brand/partners/cheersland.png | MAGNE.AI/assets/brand/partners/ecosystem/cheersland.png"
"brand, cipherbc.png","4","1","MAGNE.AI/assets/brand/ecosystem/cipherbc.png | MAGNE.AI/assets/brand/ecosystem/ecosystem/cipherbc.png | MAGNE.AI/assets/brand/partners/cipherbc.png | MAGNE.AI/assets/brand/partners/ecosystem/cipherbc.png"
"brand, crmclick.png","4","1","MAGNE.AI/assets/brand/ecosystem/crmclick.png | MAGNE.AI/assets/brand/ecosystem/ecosystem/crmclick.png | MAGNE.AI/assets/brand/partners/crmclick.png | MAGNE.AI/assets/brand/partners/ecosystem/crmclick.png"
"brand, depinscan.png","3","1","MAGNE.AI/assets/brand/ecosystem/depinscan.png | MAGNE.AI/assets/brand/partners/depinscan.png | MAGNE.AI/assets/brand/partners/ecosystem/depinscan.png"
"brand, depinscan_web.png","4","2","MAGNE.AI/assets/brand/ecosystem/depinscan_web.png | MAGNE.AI/assets/brand/ecosystem/ecosystem/depinscan_web.png | MAGNE.AI/assets/brand/partners/depinscan_web.png | MAGNE.AI/assets/brand/partners/ecosystem/depinscan_web.png"
"brand, dmail.svg","4","1","MAGNE.AI/assets/brand/ecosystem/dmail.svg | MAGNE.AI/assets/brand/ecosystem/ecosystem/dmail.svg | MAGNE.AI/assets/brand/partners/dmail.svg | MAGNE.AI/assets/brand/partners/ecosystem/dmail.svg"
"brand, dmail_web.png","2","1","MAGNE.AI/assets/brand/ecosystem/dmail_web.png | MAGNE.AI/assets/brand/partners/ecosystem/dmail_web.png"
"brand, duckdao.png","4","1","MAGNE.AI/assets/brand/ecosystem/duckdao.png | MAGNE.AI/assets/brand/partners/duckdao.png | MAGNE.AI/assets/brand/partners/ecosystem/duckdao.png | MAGNE.AI/assets/brand/partners/strategic/duckdao.png"
"brand, duckdao_web.png","2","1","MAGNE.AI/assets/brand/ecosystem/duckdao_web.png | MAGNE.AI/assets/brand/partners/ecosystem/duckdao_web.png"
"brand, eni.png","4","1","MAGNE.AI/assets/brand/ecosystem/eni.png | MAGNE.AI/assets/brand/ecosystem/ecosystem/eni.png | MAGNE.AI/assets/brand/partners/eni.png | MAGNE.AI/assets/brand/partners/ecosystem/eni.png"
"brand, eni_web.png","3","1","MAGNE.AI/assets/brand/ecosystem/eni_web.png | MAGNE.AI/assets/brand/ecosystem/ecosystem/eni_web.png | MAGNE.AI/assets/brand/partners/ecosystem/eni_web.png"
"brand, evx.png","4","2","MAGNE.AI/assets/brand/ecosystem/evx.png | MAGNE.AI/assets/brand/ecosystem/ecosystem/evx.png | MAGNE.AI/assets/brand/partners/evx.png | MAGNE.AI/assets/brand/partners/ecosystem/evx.png"
"brand, evx_web.png","3","1","MAGNE.AI/assets/brand/ecosystem/evx_web.png | MAGNE.AI/assets/brand/ecosystem/ecosystem/evx_web.png | MAGNE.AI/assets/brand/partners/ecosystem/evx_web.png"
"brand, fih-white.svg","4","1","MAGNE.AI/assets/brand/ecosystem/fih-white.svg | MAGNE.AI/assets/brand/ecosystem/ecosystem/fih-white.svg | MAGNE.AI/assets/brand/partners/fih-white.svg | MAGNE.AI/assets/brand/partners/ecosystem/fih-white.svg"
"brand, fognet.png","4","1","MAGNE.AI/assets/brand/ecosystem/fognet.png | MAGNE.AI/assets/brand/ecosystem/ecosystem/fognet.png | MAGNE.AI/assets/brand/partners/fognet.png | MAGNE.AI/assets/brand/partners/ecosystem/fognet.png"
"brand, fognet_web.png","2","1","MAGNE.AI/assets/brand/ecosystem/fognet_web.png | MAGNE.AI/assets/brand/partners/ecosystem/fognet_web.png"
"brand, gamepad.svg","4","1","MAGNE.AI/assets/brand/ecosystem/gamepad.svg | MAGNE.AI/assets/brand/ecosystem/ecosystem/gamepad.svg | MAGNE.AI/assets/brand/partners/gamepad.svg | MAGNE.AI/assets/brand/partners/ecosystem/gamepad.svg"
"brand, gamepad_web.png","4","2","MAGNE.AI/assets/brand/ecosystem/gamepad_web.png | MAGNE.AI/assets/brand/ecosystem/ecosystem/gamepad_web.png | MAGNE.AI/assets/brand/partners/gamepad_web.png | MAGNE.AI/assets/brand/partners/ecosystem/gamepad_web.png"
"brand, grandgangstacity_web.png","3","1","MAGNE.AI/assets/brand/ecosystem/grandgangstacity_web.png | MAGNE.AI/assets/brand/ecosystem/ecosystem/grandgangstacity_web.png | MAGNE.AI/assets/brand/partners/ecosystem/grandgangstacity_web.png"
"brand, gs.png","4","1","MAGNE.AI/assets/brand/ecosystem/gs.png | MAGNE.AI/assets/brand/ecosystem/ecosystem/gs.png | MAGNE.AI/assets/brand/partners/gs.png | MAGNE.AI/assets/brand/partners/ecosystem/gs.png"
"brand, gs_legal_llc.png","2","1","MAGNE.AI/assets/brand/ecosystem/gs_legal_llc.png | MAGNE.AI/assets/brand/partners/ecosystem/gs_legal_llc.png"
"brand, gs_legal_llc_web.png","2","1","MAGNE.AI/assets/brand/ecosystem/gs_legal_llc_web.png | MAGNE.AI/assets/brand/partners/ecosystem/gs_legal_llc_web.png"
"brand, hpx_web.png","4","1","MAGNE.AI/assets/brand/ecosystem/hpx_web.png | MAGNE.AI/assets/brand/ecosystem/ecosystem/hpx_web.png | MAGNE.AI/assets/brand/partners/hpx_web.png | MAGNE.AI/assets/brand/partners/ecosystem/hpx_web.png"
"brand, hyra.svg","4","2","MAGNE.AI/assets/brand/ecosystem/hyra.svg | MAGNE.AI/assets/brand/ecosystem/ecosystem/hyra.svg | MAGNE.AI/assets/brand/partners/hyra.svg | MAGNE.AI/assets/brand/partners/ecosystem/hyra.svg"
"brand, hyra_web.png","2","1","MAGNE.AI/assets/brand/ecosystem/hyra_web.png | MAGNE.AI/assets/brand/partners/ecosystem/hyra_web.png"
"brand, iflux.svg","4","1","MAGNE.AI/assets/brand/ecosystem/iflux.svg | MAGNE.AI/assets/brand/ecosystem/ecosystem/iflux.svg | MAGNE.AI/assets/brand/partners/iflux.svg | MAGNE.AI/assets/brand/partners/ecosystem/iflux.svg"
"brand, iflux_web.png","2","1","MAGNE.AI/assets/brand/ecosystem/iflux_web.png | MAGNE.AI/assets/brand/partners/ecosystem/iflux_web.png"
"brand, iotex_web.png","4","1","MAGNE.AI/assets/brand/ecosystem/iotex_web.png | MAGNE.AI/assets/brand/ecosystem/ecosystem/iotex_web.png | MAGNE.AI/assets/brand/partners/iotex_web.png | MAGNE.AI/assets/brand/partners/ecosystem/iotex_web.png"
"brand, jinse_web.png","4","1","MAGNE.AI/assets/brand/ecosystem/jinse_web.png | MAGNE.AI/assets/brand/ecosystem/ecosystem/jinse_web.png | MAGNE.AI/assets/brand/partners/jinse_web.png | MAGNE.AI/assets/brand/partners/ecosystem/jinse_web.png"
"brand, kpopclick-green.png","4","1","MAGNE.AI/assets/brand/ecosystem/kpopclick-green.png | MAGNE.AI/assets/brand/ecosystem/ecosystem/kpopclick-green.png | MAGNE.AI/assets/brand/partners/kpopclick-green.png | MAGNE.AI/assets/brand/partners/ecosystem/kpopclick-green.png"
"brand, kucoin.png","4","1","MAGNE.AI/assets/brand/ecosystem/kucoin.png | MAGNE.AI/assets/brand/ecosystem/ecosystem/kucoin.png | MAGNE.AI/assets/brand/partners/kucoin.png | MAGNE.AI/assets/brand/partners/ecosystem/kucoin.png"
"brand, kucoin_web.png","3","1","MAGNE.AI/assets/brand/ecosystem/kucoin_web.png | MAGNE.AI/assets/brand/ecosystem/ecosystem/kucoin_web.png | MAGNE.AI/assets/brand/partners/ecosystem/kucoin_web.png"
"brand, landload_web.png","4","1","MAGNE.AI/assets/brand/ecosystem/landload_web.png | MAGNE.AI/assets/brand/ecosystem/ecosystem/landload_web.png | MAGNE.AI/assets/brand/partners/landload_web.png | MAGNE.AI/assets/brand/partners/ecosystem/landload_web.png"
"brand, lbank.png","4","1","MAGNE.AI/assets/brand/ecosystem/lbank.png | MAGNE.AI/assets/brand/ecosystem/ecosystem/lbank.png | MAGNE.AI/assets/brand/partners/lbank.png | MAGNE.AI/assets/brand/partners/ecosystem/lbank.png"
"brand, linklayer.png","4","1","MAGNE.AI/assets/brand/ecosystem/linklayer.png | MAGNE.AI/assets/brand/ecosystem/ecosystem/linklayer.png | MAGNE.AI/assets/brand/partners/linklayer.png | MAGNE.AI/assets/brand/partners/ecosystem/linklayer.png"
"brand, linklayer_ai.png","2","1","MAGNE.AI/assets/brand/ecosystem/linklayer_ai.png | MAGNE.AI/assets/brand/partners/ecosystem/linklayer_ai.png"
"brand, linklayer_ai_web.png","2","1","MAGNE.AI/assets/brand/ecosystem/linklayer_ai_web.png | MAGNE.AI/assets/brand/partners/ecosystem/linklayer_ai_web.png"
"brand, logo.png","4","1","MAGNE.AI/assets/brand/ecosystem/logo.png | MAGNE.AI/assets/brand/ecosystem/ecosystem/logo.png | MAGNE.AI/assets/brand/partners/logo.png | MAGNE.AI/assets/brand/partners/ecosystem/logo.png"
"brand, manuspay.png","4","1","MAGNE.AI/assets/brand/ecosystem/manuspay.png | MAGNE.AI/assets/brand/ecosystem/ecosystem/manuspay.png | MAGNE.AI/assets/brand/partners/manuspay.png | MAGNE.AI/assets/brand/partners/ecosystem/manuspay.png"
"brand, manuspay_web.png","2","1","MAGNE.AI/assets/brand/ecosystem/manuspay_web.png | MAGNE.AI/assets/brand/partners/ecosystem/manuspay_web.png"
"brand, medium.png","3","2","MAGNE.AI/assets/brand/ecosystem/medium.png | MAGNE.AI/assets/brand/partners/medium.png | MAGNE.AI/assets/brand/partners/ecosystem/medium.png"
"brand, medium_web.png","2","1","MAGNE.AI/assets/brand/ecosystem/medium_web.png | MAGNE.AI/assets/brand/partners/ecosystem/medium_web.png"
"brand, menya_web.png","3","1","MAGNE.AI/assets/brand/ecosystem/menya_web.png | MAGNE.AI/assets/brand/ecosystem/ecosystem/menya_web.png | MAGNE.AI/assets/brand/partners/ecosystem/menya_web.png"
"brand, meta_arena.png","2","1","MAGNE.AI/assets/brand/ecosystem/meta_arena.png | MAGNE.AI/assets/brand/partners/ecosystem/meta_arena.png"
"brand, meta_arena_web.png","2","1","MAGNE.AI/assets/brand/ecosystem/meta_arena_web.png | MAGNE.AI/assets/brand/partners/ecosystem/meta_arena_web.png"
"brand, mexc.png","5","1","MAGNE.AI/assets/brand/ecosystem/mexc.png | MAGNE.AI/assets/brand/ecosystem/ecosystem/mexc.png | MAGNE.AI/assets/brand/partners/mexc.png | MAGNE.AI/assets/brand/partners/ecosystem/mexc.png | MAGNE.AI/assets/brand/partners/strategic/mexc.png"
"brand, mexc.svg","4","2","MAGNE.AI/assets/brand/ecosystem/mexc.svg | MAGNE.AI/assets/brand/ecosystem/ecosystem/mexc.svg | MAGNE.AI/assets/brand/partners/mexc.svg | MAGNE.AI/assets/brand/partners/ecosystem/mexc.svg"
"brand, mexc_web.png","3","1","MAGNE.AI/assets/brand/ecosystem/mexc_web.png | MAGNE.AI/assets/brand/ecosystem/ecosystem/mexc_web.png | MAGNE.AI/assets/brand/partners/ecosystem/mexc_web.png"
"brand, mixmax.png","2","1","MAGNE.AI/assets/brand/ecosystem/mixmax.png | MAGNE.AI/assets/brand/partners/ecosystem/mixmax.png"
"brand, mixmax_web.png","2","1","MAGNE.AI/assets/brand/ecosystem/mixmax_web.png | MAGNE.AI/assets/brand/partners/ecosystem/mixmax_web.png"
"brand, mobinode.svg","4","1","MAGNE.AI/assets/brand/ecosystem/mobinode.svg | MAGNE.AI/assets/brand/ecosystem/ecosystem/mobinode.svg | MAGNE.AI/assets/brand/partners/mobinode.svg | MAGNE.AI/assets/brand/partners/ecosystem/mobinode.svg"
"brand, mobinode_web.png","2","1","MAGNE.AI/assets/brand/ecosystem/mobinode_web.png | MAGNE.AI/assets/brand/partners/ecosystem/mobinode_web.png"
"brand, momofun.png","4","1","MAGNE.AI/assets/brand/ecosystem/momofun.png | MAGNE.AI/assets/brand/ecosystem/ecosystem/momofun.png | MAGNE.AI/assets/brand/partners/momofun.png | MAGNE.AI/assets/brand/partners/ecosystem/momofun.png"
"brand, momofun_web.png","2","1","MAGNE.AI/assets/brand/ecosystem/momofun_web.png | MAGNE.AI/assets/brand/partners/ecosystem/momofun_web.png"
"brand, nodle.svg","4","1","MAGNE.AI/assets/brand/ecosystem/nodle.svg | MAGNE.AI/assets/brand/ecosystem/ecosystem/nodle.svg | MAGNE.AI/assets/brand/partners/nodle.svg | MAGNE.AI/assets/brand/partners/ecosystem/nodle.svg"
"brand, nodle_web.png","4","2","MAGNE.AI/assets/brand/ecosystem/nodle_web.png | MAGNE.AI/assets/brand/ecosystem/ecosystem/nodle_web.png | MAGNE.AI/assets/brand/partners/nodle_web.png | MAGNE.AI/assets/brand/partners/ecosystem/nodle_web.png"
"brand, nowchain.svg","2","1","MAGNE.AI/assets/brand/ecosystem/nowchain.svg | MAGNE.AI/assets/brand/partners/ecosystem/nowchain.svg"
"brand, nowchain_web.png","2","1","MAGNE.AI/assets/brand/ecosystem/nowchain_web.png | MAGNE.AI/assets/brand/partners/ecosystem/nowchain_web.png"
"brand, planethares.png","4","1","MAGNE.AI/assets/brand/ecosystem/planethares.png | MAGNE.AI/assets/brand/ecosystem/ecosystem/planethares.png | MAGNE.AI/assets/brand/partners/planethares.png | MAGNE.AI/assets/brand/partners/ecosystem/planethares.png"
"brand, planethares_web.png","2","1","MAGNE.AI/assets/brand/ecosystem/planethares_web.png | MAGNE.AI/assets/brand/partners/ecosystem/planethares_web.png"
"brand, playsout_web.png","4","1","MAGNE.AI/assets/brand/ecosystem/playsout_web.png | MAGNE.AI/assets/brand/ecosystem/ecosystem/playsout_web.png | MAGNE.AI/assets/brand/partners/playsout_web.png | MAGNE.AI/assets/brand/partners/ecosystem/playsout_web.png"
"brand, primeyield.svg","3","1","MAGNE.AI/assets/brand/ecosystem/primeyield.svg | MAGNE.AI/assets/brand/partners/primeyield.svg | MAGNE.AI/assets/brand/partners/ecosystem/primeyield.svg"
"brand, primeyield_web.png","2","1","MAGNE.AI/assets/brand/ecosystem/primeyield_web.png | MAGNE.AI/assets/brand/partners/ecosystem/primeyield_web.png"
"brand, qitmeer.svg","4","1","MAGNE.AI/assets/brand/ecosystem/qitmeer.svg | MAGNE.AI/assets/brand/ecosystem/ecosystem/qitmeer.svg | MAGNE.AI/assets/brand/partners/qitmeer.svg | MAGNE.AI/assets/brand/partners/ecosystem/qitmeer.svg"
"brand, qitmeer_web.png","2","1","MAGNE.AI/assets/brand/ecosystem/qitmeer_web.png | MAGNE.AI/assets/brand/partners/ecosystem/qitmeer_web.png"
"brand, rei_web.png","4","1","MAGNE.AI/assets/brand/ecosystem/rei_web.png | MAGNE.AI/assets/brand/ecosystem/ecosystem/rei_web.png | MAGNE.AI/assets/brand/partners/rei_web.png | MAGNE.AI/assets/brand/partners/ecosystem/rei_web.png"
"brand, samurai.png","4","1","MAGNE.AI/assets/brand/ecosystem/samurai.png | MAGNE.AI/assets/brand/ecosystem/ecosystem/samurai.png | MAGNE.AI/assets/brand/partners/samurai.png | MAGNE.AI/assets/brand/partners/ecosystem/samurai.png"
"brand, samurai_warlords.png","2","1","MAGNE.AI/assets/brand/ecosystem/samurai_warlords.png | MAGNE.AI/assets/brand/partners/ecosystem/samurai_warlords.png"
"brand, samurai_warlords_web.png","2","1","MAGNE.AI/assets/brand/ecosystem/samurai_warlords_web.png | MAGNE.AI/assets/brand/partners/ecosystem/samurai_warlords_web.png"
"brand, snowball.png","2","1","MAGNE.AI/assets/brand/ecosystem/snowball.png | MAGNE.AI/assets/brand/partners/ecosystem/snowball.png"
"brand, snowball_web.png","2","1","MAGNE.AI/assets/brand/ecosystem/snowball_web.png | MAGNE.AI/assets/brand/partners/ecosystem/snowball_web.png"
"brand, socialgrowai.png","4","1","MAGNE.AI/assets/brand/ecosystem/socialgrowai.png | MAGNE.AI/assets/brand/ecosystem/ecosystem/socialgrowai.png | MAGNE.AI/assets/brand/partners/socialgrowai.png | MAGNE.AI/assets/brand/partners/ecosystem/socialgrowai.png"
"brand, socialgrowai_web.png","2","1","MAGNE.AI/assets/brand/ecosystem/socialgrowai_web.png | MAGNE.AI/assets/brand/partners/ecosystem/socialgrowai_web.png"
"brand, soda.png","4","1","MAGNE.AI/assets/brand/ecosystem/soda.png | MAGNE.AI/assets/brand/ecosystem/ecosystem/soda.png | MAGNE.AI/assets/brand/partners/soda.png | MAGNE.AI/assets/brand/partners/ecosystem/soda.png"
"brand, soda_web.png","2","1","MAGNE.AI/assets/brand/ecosystem/soda_web.png | MAGNE.AI/assets/brand/partners/ecosystem/soda_web.png"
"brand, soei.png","4","1","MAGNE.AI/assets/brand/ecosystem/soei.png | MAGNE.AI/assets/brand/ecosystem/ecosystem/soei.png | MAGNE.AI/assets/brand/partners/soei.png | MAGNE.AI/assets/brand/partners/ecosystem/soei.png"
"brand, soei_web.png","3","1","MAGNE.AI/assets/brand/ecosystem/soei_web.png | MAGNE.AI/assets/brand/ecosystem/ecosystem/soei_web.png | MAGNE.AI/assets/brand/partners/ecosystem/soei_web.png"
"brand, stabilityworld.svg","4","1","MAGNE.AI/assets/brand/ecosystem/stabilityworld.svg | MAGNE.AI/assets/brand/ecosystem/ecosystem/stabilityworld.svg | MAGNE.AI/assets/brand/partners/stabilityworld.svg | MAGNE.AI/assets/brand/partners/ecosystem/stabilityworld.svg"
"brand, stabilityworld_web.png","4","2","MAGNE.AI/assets/brand/ecosystem/stabilityworld_web.png | MAGNE.AI/assets/brand/ecosystem/ecosystem/stabilityworld_web.png | MAGNE.AI/assets/brand/partners/stabilityworld_web.png | MAGNE.AI/assets/brand/partners/ecosystem/stabilityworld_web.png"
"brand, tag.svg","4","1","MAGNE.AI/assets/brand/ecosystem/tag.svg | MAGNE.AI/assets/brand/ecosystem/ecosystem/tag.svg | MAGNE.AI/assets/brand/partners/tag.svg | MAGNE.AI/assets/brand/partners/ecosystem/tag.svg"
"brand, tbv.png","4","1","MAGNE.AI/assets/brand/ecosystem/tbv.png | MAGNE.AI/assets/brand/partners/tbv.png | MAGNE.AI/assets/brand/partners/ecosystem/tbv.png | MAGNE.AI/assets/brand/partners/strategic/tbv.png"
"brand, tbv_web.png","2","1","MAGNE.AI/assets/brand/ecosystem/tbv_web.png | MAGNE.AI/assets/brand/partners/ecosystem/tbv_web.png"
"brand, tdk_inv.png","4","1","MAGNE.AI/assets/brand/ecosystem/tdk_inv.png | MAGNE.AI/assets/brand/partners/tdk_inv.png | MAGNE.AI/assets/brand/partners/ecosystem/tdk_inv.png | MAGNE.AI/assets/brand/partners/strategic/tdk_inv.png"
"brand, techflow.png","4","1","MAGNE.AI/assets/brand/ecosystem/techflow.png | MAGNE.AI/assets/brand/ecosystem/ecosystem/techflow.png | MAGNE.AI/assets/brand/partners/techflow.png | MAGNE.AI/assets/brand/partners/ecosystem/techflow.png"
"brand, techflow_web.png","2","1","MAGNE.AI/assets/brand/ecosystem/techflow_web.png | MAGNE.AI/assets/brand/partners/ecosystem/techflow_web.png"
"brand, teltlk.png","4","1","MAGNE.AI/assets/brand/ecosystem/teltlk.png | MAGNE.AI/assets/brand/ecosystem/ecosystem/teltlk.png | MAGNE.AI/assets/brand/partners/teltlk.png | MAGNE.AI/assets/brand/partners/ecosystem/teltlk.png"
"brand, teltlk_web.png","3","1","MAGNE.AI/assets/brand/ecosystem/teltlk_web.png | MAGNE.AI/assets/brand/ecosystem/ecosystem/teltlk_web.png | MAGNE.AI/assets/brand/partners/ecosystem/teltlk_web.png"
"brand, TX24.png","3","1","MAGNE.AI/assets/brand/ecosystem/TX24.png | MAGNE.AI/assets/brand/ecosystem/ecosystem/TX24.png | MAGNE.AI/assets/brand/partners/ecosystem/TX24.png"
"brand, TX24_web.png","2","1","MAGNE.AI/assets/brand/ecosystem/TX24_web.png | MAGNE.AI/assets/brand/partners/ecosystem/TX24_web.png"
"brand, u2u.svg","4","1","MAGNE.AI/assets/brand/ecosystem/u2u.svg | MAGNE.AI/assets/brand/ecosystem/ecosystem/u2u.svg | MAGNE.AI/assets/brand/partners/u2u.svg | MAGNE.AI/assets/brand/partners/ecosystem/u2u.svg"
"brand, u2u_network.svg","2","1","MAGNE.AI/assets/brand/ecosystem/u2u_network.svg | MAGNE.AI/assets/brand/partners/ecosystem/u2u_network.svg"
"brand, u2u_network_web.png","2","1","MAGNE.AI/assets/brand/ecosystem/u2u_network_web.png | MAGNE.AI/assets/brand/partners/ecosystem/u2u_network_web.png"
"brand, u2u_new.png","3","1","MAGNE.AI/assets/brand/ecosystem/u2u_new.png | MAGNE.AI/assets/brand/ecosystem/ecosystem/u2u_new.png | MAGNE.AI/assets/brand/partners/ecosystem/u2u_new.png"
"brand, u2u_web.png","4","2","MAGNE.AI/assets/brand/ecosystem/u2u_web.png | MAGNE.AI/assets/brand/ecosystem/ecosystem/u2u_web.png | MAGNE.AI/assets/brand/partners/u2u_web.png | MAGNE.AI/assets/brand/partners/ecosystem/u2u_web.png"
"brand, virgocx.png","4","2","MAGNE.AI/assets/brand/ecosystem/virgocx.png | MAGNE.AI/assets/brand/ecosystem/ecosystem/virgocx.png | MAGNE.AI/assets/brand/partners/virgocx.png | MAGNE.AI/assets/brand/partners/ecosystem/virgocx.png"
"brand, virgocx_web.png","3","1","MAGNE.AI/assets/brand/ecosystem/virgocx_web.png | MAGNE.AI/assets/brand/ecosystem/ecosystem/virgocx_web.png | MAGNE.AI/assets/brand/partners/ecosystem/virgocx_web.png"
"brand, weex.png","4","1","MAGNE.AI/assets/brand/ecosystem/weex.png | MAGNE.AI/assets/brand/ecosystem/ecosystem/weex.png | MAGNE.AI/assets/brand/partners/weex.png | MAGNE.AI/assets/brand/partners/ecosystem/weex.png"
"brand, xt.png","4","1","MAGNE.AI/assets/brand/ecosystem/xt.png | MAGNE.AI/assets/brand/ecosystem/ecosystem/xt.png | MAGNE.AI/assets/brand/partners/xt.png | MAGNE.AI/assets/brand/partners/ecosystem/xt.png"
"brand, LinkLayer AI.png","2","1","MAGNE.AI/assets/brand/ecosystem/ecosystem/LinkLayer AI.png | MAGNE.AI/assets/brand/partners/ecosystem/LinkLayer AI.png"
"brand, deepmind_blue.png","2","1","MAGNE.AI/assets/brand/partners/deepmind_blue.png | MAGNE.AI/assets/brand/partners/strategic/deepmind_blue.png"
"brand, fih.png","2","1","MAGNE.AI/assets/brand/partners/fih.png | MAGNE.AI/assets/brand/partners/strategic/fih.png"
"brand, google-logo.png","2","1","MAGNE.AI/assets/brand/partners/google-logo.png | MAGNE.AI/assets/brand/partners/strategic/google-logo.png"
"brand, hed.png","2","1","MAGNE.AI/assets/brand/partners/hed.png | MAGNE.AI/assets/brand/partners/strategic/hed.png"
"brand, imag_green.png","2","1","MAGNE.AI/assets/brand/partners/imag_green.png | MAGNE.AI/assets/brand/partners/strategic/imag_green.png"
"brand, kucoin.svg","2","1","MAGNE.AI/assets/brand/partners/kucoin.svg | MAGNE.AI/assets/brand/partners/strategic/kucoin.svg"
"brand, micron_inv.png","2","1","MAGNE.AI/assets/brand/partners/micron_inv.png | MAGNE.AI/assets/brand/partners/strategic/micron_inv.png"
"brand, redrock_web.png","2","1","MAGNE.AI/assets/brand/partners/redrock_web.png | MAGNE.AI/assets/brand/partners/strategic/redrock_web.png"
"brand, samsung_inv.png","2","1","MAGNE.AI/assets/brand/partners/samsung_inv.png | MAGNE.AI/assets/brand/partners/strategic/samsung_inv.png"
"brand, skhynix_web.png","2","1","MAGNE.AI/assets/brand/partners/skhynix_web.png | MAGNE.AI/assets/brand/partners/strategic/skhynix_web.png"
"brand, ti.svg","2","1","MAGNE.AI/assets/brand/partners/ti.svg | MAGNE.AI/assets/brand/partners/strategic/ti.svg"
"brand, unisoc_web.png","2","1","MAGNE.AI/assets/brand/partners/unisoc_web.png | MAGNE.AI/assets/brand/partners/strategic/unisoc_web.png"
"brand, wd_better_inv.png","2","1","MAGNE.AI/assets/brand/partners/wd_better_inv.png | MAGNE.AI/assets/brand/partners/strategic/wd_better_inv.png"
